{
  "metadata": {
    "commit": "150a847d487667efe12d709efacbed6ea2fc1b57",
    "commit_short": "150a847",
    "branch": "main",
    "tag": null,
    "version": "0.6.1",
    "timestamp": "2026-03-12T10:49:04",
    "n_seeds": 1000,
    "n_periods": 1000,
    "n_workers": 10,
    "elapsed_seconds": 121
  },
  "scenario": "baseline",
  "summary": {
    "n_passed": 966,
    "pass_rate": 0.966,
    "mean_score": 0.861441932471741,
    "std_score": 0.01081495539797435,
    "min_score": 0.8075791502729658,
    "max_score": 0.8876516467299808
  },
  "metrics": {
    "unemployment_rate_mean": {
      "mean_value": 0.057285656000000004,
      "std_value": 0.003761374269288285,
      "mean_score": 0.8727917333333335,
      "std_score": 0.08788787646450437,
      "pass_rate": 1.0,
      "weight": 1.5,
      "group": "TIME_SERIES"
    },
    "unemployment_absolute_ceiling": {
      "mean_value": 0.136134,
      "std_value": 0.01213301462951398,
      "mean_score": 1.0,
      "std_score": 0.0,
      "pass_rate": 1.0,
      "weight": 3.0,
      "group": "TIME_SERIES"
    },
    "unemployment_std": {
      "mean_value": 0.028432441319996185,
      "std_value": 0.002701402754306074,
      "mean_score": 0.5179716927147546,
      "std_score": 0.17250096785331237,
      "pass_rate": 1.0,
      "weight": 1.0,
      "group": "TIME_SERIES"
    },
    "unemployment_pct_above_floor": {
      "mean_value": 0.912982,
      "std_value": 0.03169163416423961,
      "mean_score": 0.8396166666666667,
      "std_score": 0.10052579961825171,
      "pass_rate": 0.966,
      "weight": 1.5,
      "group": "TIME_SERIES"
    },
    "unemployment_pct_below_ceiling": {
      "mean_value": 0.982326,
      "std_value": 0.015786884556491833,
      "mean_score": 0.9986349999999999,
      "std_score": 0.00897004877355746,
      "pass_rate": 1.0,
      "weight": 0.5,
      "group": "TIME_SERIES"
    },
    "inflation_rate_mean": {
      "mean_value": 0.010478033994359098,
      "std_value": 0.00029745259254462326,
      "mean_score": 0.01211792375606163,
      "std_score": 0.007104530110732857,
      "pass_rate": 1.0,
      "weight": 1.5,
      "group": "TIME_SERIES"
    },
    "inflation_non_degenerate": {
      "mean_value": 0.010478033994359098,
      "std_value": 0.00029745259254462326,
      "mean_score": 0.8023901699717955,
      "std_score": 0.001487262962723115,
      "pass_rate": 1.0,
      "weight": 2.0,
      "group": "TIME_SERIES"
    },
    "inflation_pct_in_bounds": {
      "mean_value": 0.998506,
      "std_value": 0.0020179108008036447,
      "mean_score": 1.0,
      "std_score": 0.0,
      "pass_rate": 1.0,
      "weight": 1.0,
      "group": "TIME_SERIES"
    },
    "inflation_std": {
      "mean_value": 0.02280537772429631,
      "std_value": 0.0011688242873041654,
      "mean_score": 0.8882801725012821,
      "std_score": 0.054543313180206505,
      "pass_rate": 1.0,
      "weight": 0.5,
      "group": "TIME_SERIES"
    },
    "real_wage_mean": {
      "mean_value": 0.3395239950828711,
      "std_value": 0.002005688988824605,
      "mean_score": 0.9723373321820337,
      "std_score": 0.02037540397770892,
      "pass_rate": 1.0,
      "weight": 1.0,
      "group": "TIME_SERIES"
    },
    "real_wage_std": {
      "mean_value": 0.015595178941765101,
      "std_value": 0.0018066567761272647,
      "mean_score": 0.6503013161396812,
      "std_score": 0.11291604850795404,
      "pass_rate": 1.0,
      "weight": 0.5,
      "group": "TIME_SERIES"
    },
    "productivity_flatness": {
      "mean_value": 0.0,
      "std_value": 0.0,
      "mean_score": 1.0,
      "std_score": 0.0,
      "pass_rate": 1.0,
      "weight": 2.0,
      "group": "TIME_SERIES"
    },
    "wage_to_productivity_ratio": {
      "mean_value": 0.6790479901657422,
      "std_value": 0.00401137797764921,
      "mean_score": 0.9476199754143558,
      "std_score": 0.010028444944123025,
      "pass_rate": 1.0,
      "weight": 1.0,
      "group": "TIME_SERIES"
    },
    "vacancy_rate_mean": {
      "mean_value": 0.13083506400000003,
      "std_value": 0.0014011235334202318,
      "mean_score": 0.9783614666666667,
      "std_score": 0.016455875265016344,
      "pass_rate": 1.0,
      "weight": 0.5,
      "group": "TIME_SERIES"
    },
    "vacancy_rate_pct_in_bounds": {
      "mean_value": 0.9960619999999999,
      "std_value": 0.005148218721072372,
      "mean_score": 1.0,
      "std_score": 0.0,
      "pass_rate": 1.0,
      "weight": 0.5,
      "group": "TIME_SERIES"
    },
    "phillips_correlation": {
      "mean_value": -0.41687392453924965,
      "std_value": 0.029619261058795192,
      "mean_score": 0.8423269519470318,
      "std_score": 0.03304201444219275,
      "pass_rate": 1.0,
      "weight": 1.0,
      "group": "CURVES"
    },
    "phillips_negative_sign": {
      "mean_value": -0.41687392453924965,
      "std_value": 0.029619261058795192,
      "mean_score": 0.9584051435612031,
      "std_score": 0.01472002648196433,
      "pass_rate": 1.0,
      "weight": 3.0,
      "group": "CURVES"
    },
    "okun_correlation": {
      "mean_value": -0.8727065858687697,
      "std_value": 0.02236071977386447,
      "mean_score": 0.937948623289335,
      "std_score": 0.03398704852112875,
      "pass_rate": 1.0,
      "weight": 1.5,
      "group": "CURVES"
    },
    "okun_r_squared": {
      "mean_value": 0.7621167868075297,
      "std_value": 0.038839570490476504,
      "mean_score": 0.9677113877024499,
      "std_score": 0.024754277899432138,
      "pass_rate": 1.0,
      "weight": 0.5,
      "group": "CURVES"
    },
    "beveridge_correlation": {
      "mean_value": -0.3253295333791545,
      "std_value": 0.060853758370555004,
      "mean_score": 0.9337904399429753,
      "std_score": 0.05038332272623852,
      "pass_rate": 1.0,
      "weight": 2.0,
      "group": "CURVES"
    },
    "beveridge_negative_sign": {
      "mean_value": -0.3253295333791545,
      "std_value": 0.060853758370555004,
      "mean_score": 0.9124976020900408,
      "std_score": 0.029942750614274,
      "pass_rate": 1.0,
      "weight": 3.0,
      "group": "CURVES"
    },
    "firm_size_skewness": {
      "mean_value": 3.420968778633287,
      "std_value": 1.3935652104524099,
      "mean_score": 0.8778141707232887,
      "std_score": 0.06847939499108399,
      "pass_rate": 1.0,
      "weight": 1.5,
      "group": "DISTRIBUTION"
    },
    "firm_size_pct_below": {
      "mean_value": 0.96775,
      "std_value": 0.013763629608500813,
      "mean_score": 0.6296666666666665,
      "std_score": 0.08757155804128301,
      "pass_rate": 1.0,
      "weight": 1.0,
      "group": "DISTRIBUTION"
    },
    "firm_size_tail_ratio": {
      "mean_value": 4.6287166666666675,
      "std_value": 1.591490900116718,
      "mean_score": 0.8869260416666666,
      "std_score": 0.0675278279391225,
      "pass_rate": 1.0,
      "weight": 0.75,
      "group": "DISTRIBUTION"
    },
    "firm_size_pct_below_medium": {
      "mean_value": 0.9950300000000001,
      "std_value": 0.006212817396318683,
      "mean_score": 0.9999166666666667,
      "std_score": 0.0018615256586407263,
      "pass_rate": 1.0,
      "weight": 0.5,
      "group": "DISTRIBUTION"
    }
  },
  "group_display_names": {
    "TIME_SERIES": "Time Series",
    "CURVES": "Curves",
    "DISTRIBUTION": "Distribution",
    "GROWTH": "Growth",
    "FINANCIAL": "Financial",
    "GROWTH_RATE_DIST": "Growth Rate Distribution"
  },
  "failing_seeds": [
    {
      "seed": 23,
      "failed_metrics": [
        "unemployment_pct_above_floor"
      ]
    },
    {
      "seed": 27,
      "failed_metrics": [
        "unemployment_pct_above_floor"
      ]
    },
    {
      "seed": 55,
      "failed_metrics": [
        "unemployment_pct_above_floor"
      ]
    },
    {
      "seed": 93,
      "failed_metrics": [
        "unemployment_pct_above_floor"
      ]
    },
    {
      "seed": 96,
      "failed_metrics": [
        "unemployment_pct_above_floor"
      ]
    },
    {
      "seed": 172,