{
  "metadata": {
    "commit": "3efb68ecfd6412fa5900de8aa317854b47ae6974",
    "commit_short": "3efb68e",
    "timestamp": "2026-03-12T12:08:58",
    "branch": "main",
    "tag": "v0.5.1",
    "version": null,
    "n_seeds": 1000,
    "n_periods": 1000,
    "n_workers": 10,
    "elapsed_seconds": 291
  },
  "scenario": "buffer_stock",
  "summary": {
    "n_passed": 981,
    "pass_rate": 0.981,
    "mean_score": 0.8785326191882393,
    "std_score": 0.011497732747814507,
    "min_score": 0.8180548695015492,
    "max_score": 0.9118159272674389
  },
  "metrics": {
    "unemployment_rate_mean": {
      "mean_value": 0.063595116,
      "std_value": 0.005160137923984588,
      "mean_score": 0.8361702666666666,
      "std_score": 0.13079126319927573,
      "pass_rate": 1.0,
      "weight": 1.5,
      "group": "TIME_SERIES"
    },
    "unemployment_absolute_ceiling": {
      "mean_value": 0.139256,
      "std_value": 0.014102427592439548,
      "mean_score": 0.999,
      "std_score": 0.03160696125855822,
      "pass_rate": 0.999,
      "weight": 3.0,
      "group": "TIME_SERIES"
    },
    "unemployment_std": {
      "mean_value": 0.0278138566392955,
      "std_value": 0.003098035571247802,
      "mean_score": 0.9017768073492607,
      "std_score": 0.05455191746708068,
      "pass_rate": 1.0,
      "weight": 1.0,
      "group": "TIME_SERIES"
    },
    "unemployment_pct_above_floor": {
      "mean_value": 0.951144,
      "std_value": 0.02802190685874177,
      "mean_score": 0.99838,
      "std_score": 0.010028738704343641,
      "pass_rate": 1.0,
      "weight": 1.5,
      "group": "TIME_SERIES"
    },
    "unemployment_pct_below_ceiling": {
      "mean_value": 0.9981120000000001,
      "std_value": 0.005451188494264353,
      "mean_score": 1.0,
      "std_score": 0.0,
      "pass_rate": 1.0,
      "weight": 0.5,
      "group": "TIME_SERIES"
    },
    "inflation_rate_mean": {
      "mean_value": 0.0020547141304052092,
      "std_value": 0.0009875827620577217,
      "mean_score": 0.36757856884008683,
      "std_score": 0.016459712700962033,
      "pass_rate": 1.0,
      "weight": 1.5,
      "group": "TIME_SERIES"
    },
    "inflation_hard_ceiling_upper": {
      "mean_value": 0.09383272828060447,
      "std_value": 0.03432830781127166,
      "mean_score": 0.998,
      "std_score": 0.044676615807377355,
      "pass_rate": 0.998,
      "weight": 3.0,
      "group": "TIME_SERIES"
    },
    "inflation_hard_floor": {
      "mean_value": -0.06073359381798036,
      "std_value": 0.007347846004848092,
      "mean_score": 1.0,
      "std_score": 0.0,
      "pass_rate": 1.0,
      "weight": 3.0,
      "group": "TIME_SERIES"
    },
    "inflation_non_degenerate": {
      "mean_value": 0.0020547141304052092,
      "std_value": 0.0009875827620577217,
      "mean_score": 0.8047941551382055,
      "std_score": 0.004489012554807828,
      "pass_rate": 1.0,
      "weight": 2.0,
      "group": "TIME_SERIES"
    },
    "inflation_pct_in_bounds": {
      "mean_value": 0.7901320000000001,
      "std_value": 0.02934918356615733,
      "mean_score": 0.8999933333333333,
      "std_score": 0.04839008116913583,
      "pass_rate": 1.0,
      "weight": 1.5,
      "group": "TIME_SERIES"
    },
    "log_gdp_mean": {
      "mean_value": 8.80922818258606,
      "std_value": 0.013518972219551046,
      "mean_score": 0.973551929453284,
      "std_score": 0.019292159526977586,
      "pass_rate": 1.0,
      "weight": 1.0,
      "group": "TIME_SERIES"
    },
    "vacancy_rate_mean": {
      "mean_value": 0.128670364,
      "std_value": 0.0015736482642267923,
      "mean_score": 0.8916204499999999,
      "std_score": 0.019670603302834905,
      "pass_rate": 1.0,
      "weight": 0.5,
      "group": "TIME_SERIES"
    },
    "vacancy_rate_pct_in_bounds": {
      "mean_value": 0.994818,
      "std_value": 0.006677640002276259,
      "mean_score": 1.0,
      "std_score": 0.0,
      "pass_rate": 1.0,
      "weight": 0.5,
      "group": "TIME_SERIES"
    },
    "phillips_correlation": {
      "mean_value": -0.3380018823358071,
      "std_value": 0.03702963144987877,
      "mean_score": 0.9282350030938238,
      "std_score": 0.037985650484381926,
      "pass_rate": 1.0,
      "weight": 1.5,
      "group": "CURVES"
    },
    "phillips_negative_sign": {
      "mean_value": -0.3380018823358071,
      "std_value": 0.03702963144987877,
      "mean_score": 0.9190009411679037,
      "std_score": 0.018514815724939383,
      "pass_rate": 1.0,
      "weight": 3.0,
      "group": "CURVES"
    },
    "okun_correlation": {
      "mean_value": -0.8378425390895161,
      "std_value": 0.025630157583751773,
      "mean_score": 0.9357165221119522,
      "std_score": 0.031108312994132963,
      "pass_rate": 1.0,
      "weight": 3.0,
      "group": "CURVES"
    },
    "beveridge_correlation": {
      "mean_value": -0.27188870829194944,
      "std_value": 0.06150754525273814,
      "mean_score": 0.9324160777857983,
      "std_score": 0.050927330966614476,
      "pass_rate": 1.0,
      "weight": 2.0,
      "group": "CURVES"
    },
    "beveridge_negative_sign": {
      "mean_value": -0.27188870829194944,
      "std_value": 0.06150754525273814,
      "mean_score": 0.8859443541459748,
      "std_score": 0.030753772626369066,
      "pass_rate": 1.0,
      "weight": 3.0,
      "group": "CURVES"
    },
    "firm_size_skewness": {
      "mean_value": 4.956707751410174,
      "std_value": 1.9323350736879947,
      "mean_score": 0.5633766360612926,
      "std_score": 0.3050959340562608,
      "pass_rate": 0.997,
      "weight": 1.0,
      "group": "DISTRIBUTION"
    },
    "firm_size_pct_below": {
      "mean_value": 0.9466699999999999,
      "std_value": 0.015786421380414223,
      "mean_score": 0.8425000000000001,
      "std_score": 0.04415793065244531,
      "pass_rate": 1.0,
      "weight": 0.5,
      "group": "DISTRIBUTION"
    },
    "firm_size_tail_ratio": {
      "mean_value": 7.486223326473392,
      "std_value": 3.9370361291470215,
      "mean_score": 0.8731887066160074,
      "std_score": 0.10963001304984248,
      "pass_rate": 1.0,
      "weight": 0.5,
      "group": "DISTRIBUTION"
    },
    "sm_ccdf_r2": {
      "mean_value": 0.9384669413374604,
      "std_value": 0.038734256918979096,
      "mean_score": 0.8776104337143014,
      "std_score": 0.06113192339712002,
      "pass_rate": 1.0,
      "weight": 3.0,
      "group": "DISTRIBUTION"
    },
    "dagum_ccdf_r2": {
      "mean_value": 0.9437257515170285,
      "std_value": 0.03476948398207811,
      "mean_score": 0.8727565795981724,
      "std_score": 0.06227916912592177,
      "pass_rate": 0.999,
      "weight": 3.0,
      "group": "DISTRIBUTION"
    },
    "gb2_ccdf_r2": {
      "mean_value": 0.938467452584024,
      "std_value": 0.06094040995025642,
      "mean_score": 0.8363327442170471,
      "std_score": 0.1164985076016179,
      "pass_rate": 0.987,
      "weight": 2.0,
      "group": "DISTRIBUTION"
    },
    "best_r2": {
      "mean_value": 0.9661328549394176,
      "std_value": 0.017829744683682112,
      "mean_score": 0.8606774818576296,
      "std_score": 0.05404142294107443,
      "pass_rate": 1.0,
      "weight": 3.0,
      "group": "DISTRIBUTION"
    },
    "wealth_gini": {
      "mean_value": 0.26001945010492256,
      "std_value": 0.038976405773911885,
      "mean_score": 0.7998717393733188,
      "std_score": 0.03278822822358599,
      "pass_rate": 1.0,
      "weight": 2.0,
      "group": "DISTRIBUTION"
    },
    "wealth_skewness": {
      "mean_value": 1.923712426834802,
      "std_value": 0.8796552825939837,
      "mean_score": 0.8242783143904951,
      "std_score": 0.043752012342522247,
      "pass_rate": 1.0,
      "weight": 1.0,
      "group": "DISTRIBUTION"
    },
    "mean_mpc": {
      "mean_value": 0.9902948393538481,
      "std_value": 0.029340743536290664,
      "mean_score": 0.9316340520535595,
      "std_score": 0.049455279765248654,
      "pass_rate": 1.0,
      "weight": 1.5,
      "group": "FINANCIAL"
    },