{
  "metadata": {
    "commit": "e49ba8178e62042f6c2b5af10f3b9af5c8cf48c7",
    "commit_short": "e49ba81",
    "timestamp": "2026-03-12T12:23:06",
    "branch": "main",
    "tag": "v0.6.0",
    "version": null,
    "n_seeds": 1000,
    "n_periods": 1000,
    "n_workers": 10,
    "elapsed_seconds": 179
  },
  "scenario": "buffer_stock",
  "summary": {
    "n_passed": 995,
    "pass_rate": 0.995,
    "mean_score": 0.865998356729727,
    "std_score": 0.012047024032546871,
    "min_score": 0.8001244680395493,
    "max_score": 0.9045188119349845
  },
  "metrics": {
    "unemployment_rate_mean": {
      "mean_value": 0.072809072,
      "std_value": 0.00574268412528636,
      "mean_score": 0.5729500000000001,
      "std_score": 0.18587594914051916,
      "pass_rate": 1.0,
      "weight": 1.5,
      "group": "TIME_SERIES"
    },
    "unemployment_absolute_ceiling": {
      "mean_value": 0.14830600000000005,
      "std_value": 0.014559339408091298,
      "mean_score": 0.999,
      "std_score": 0.03160696125855822,
      "pass_rate": 0.999,
      "weight": 3.0,
      "group": "TIME_SERIES"
    },
    "unemployment_std": {
      "mean_value": 0.028109001290226764,
      "std_value": 0.003210431124012659,
      "mean_score": 0.9057093443119688,
      "std_score": 0.054326398609043515,
      "pass_rate": 1.0,
      "weight": 1.0,
      "group": "TIME_SERIES"
    },
    "unemployment_pct_above_floor": {
      "mean_value": 0.977784,
      "std_value": 0.01752647551563064,
      "mean_score": 0.999895,
      "std_score": 0.0033187309321486154,
      "pass_rate": 1.0,
      "weight": 1.5,
      "group": "TIME_SERIES"
    },
    "unemployment_pct_below_ceiling": {
      "mean_value": 0.994652,
      "std_value": 0.010928078330612392,
      "mean_score": 0.999945,
      "std_score": 0.0017383828692207036,
      "pass_rate": 1.0,
      "weight": 0.5,
      "group": "TIME_SERIES"
    },
    "inflation_rate_mean": {
      "mean_value": -0.0006607529872331448,
      "std_value": 0.0008834884802773795,
      "mean_score": 0.3223207835461142,
      "std_score": 0.014724808004622992,
      "pass_rate": 1.0,
      "weight": 1.5,
      "group": "TIME_SERIES"
    },
    "inflation_hard_ceiling_upper": {
      "mean_value": 0.08617245603508698,
      "std_value": 0.03338696526271885,
      "mean_score": 0.998,
      "std_score": 0.044676615807377355,
      "pass_rate": 0.998,
      "weight": 3.0,
      "group": "TIME_SERIES"
    },
    "inflation_hard_floor": {
      "mean_value": -0.060802733812306005,
      "std_value": 0.007427021806056424,
      "mean_score": 1.0,
      "std_score": 0.0,
      "pass_rate": 1.0,
      "weight": 3.0,
      "group": "TIME_SERIES"
    },
    "inflation_non_degenerate": {
      "mean_value": -0.0006607529872331448,
      "std_value": 0.0008834884802773795,
      "mean_score": 0.7924511227853038,
      "std_score": 0.0040158567285335425,
      "pass_rate": 1.0,
      "weight": 2.0,
      "group": "TIME_SERIES"
    },
    "inflation_pct_in_bounds": {
      "mean_value": 0.76827,
      "std_value": 0.03062513836703437,
      "mean_score": 0.863837619047619,
      "std_score": 0.050851765408142104,
      "pass_rate": 1.0,
      "weight": 1.5,
      "group": "TIME_SERIES"
    },
    "log_gdp_mean": {
      "mean_value": 8.764564641992308,
      "std_value": 0.013587256562062631,
      "mean_score": 0.9290993429624061,
      "std_score": 0.02709629833951341,
      "pass_rate": 1.0,
      "weight": 1.0,
      "group": "TIME_SERIES"
    },
    "vacancy_rate_mean": {
      "mean_value": 0.126384332,
      "std_value": 0.0014458977452696982,
      "mean_score": 0.9201728499999999,
      "std_score": 0.017971864131956367,
      "pass_rate": 1.0,
      "weight": 0.5,
      "group": "TIME_SERIES"
    },
    "vacancy_rate_pct_in_bounds": {
      "mean_value": 0.993048,
      "std_value": 0.007919955555430859,
      "mean_score": 1.0,
      "std_score": 0.0,
      "pass_rate": 1.0,
      "weight": 0.5,
      "group": "TIME_SERIES"
    },
    "phillips_correlation": {
      "mean_value": -0.29908428901431194,
      "std_value": 0.03674015117567101,
      "mean_score": 0.9608977768711099,
      "std_score": 0.02921640762393126,
      "pass_rate": 1.0,
      "weight": 1.5,
      "group": "CURVES"
    },
    "phillips_negative_sign": {
      "mean_value": -0.29908428901431194,
      "std_value": 0.03674015117567101,
      "mean_score": 0.899542144507156,
      "std_score": 0.018370075587835506,
      "pass_rate": 1.0,
      "weight": 3.0,
      "group": "CURVES"
    },
    "okun_correlation": {
      "mean_value": -0.8584801020949389,
      "std_value": 0.021449595837769456,
      "mean_score": 0.9098700110203356,
      "std_score": 0.028144521249699548,
      "pass_rate": 1.0,
      "weight": 3.0,
      "group": "CURVES"
    },
    "beveridge_correlation": {
      "mean_value": -0.2491323000223274,
      "std_value": 0.05811856560748758,
      "mean_score": 0.9193608088734515,
      "std_score": 0.05315099400486893,
      "pass_rate": 1.0,
      "weight": 2.0,
      "group": "CURVES"
    },
    "beveridge_negative_sign": {
      "mean_value": -0.2491323000223274,
      "std_value": 0.05811856560748758,
      "mean_score": 0.8745661500111637,
      "std_score": 0.029059282803743796,
      "pass_rate": 1.0,
      "weight": 3.0,
      "group": "CURVES"
    },
    "firm_size_skewness": {
      "mean_value": 4.705177683651813,
      "std_value": 1.9155538104061784,
      "mean_score": 0.599050364261424,
      "std_score": 0.3021104614769187,
      "pass_rate": 1.0,
      "weight": 1.0,
      "group": "DISTRIBUTION"
    },
    "firm_size_pct_below": {
      "mean_value": 0.9516599999999998,
      "std_value": 0.014486007041279515,
      "mean_score": 0.8285000000000002,
      "std_score": 0.04089775719046065,
      "pass_rate": 1.0,
      "weight": 0.5,
      "group": "DISTRIBUTION"
    },
    "firm_size_tail_ratio": {
      "mean_value": 6.889191361532543,
      "std_value": 3.5522440604730265,
      "mean_score": 0.8772999475171736,
      "std_score": 0.08614878082699584,
      "pass_rate": 1.0,
      "weight": 0.5,
      "group": "DISTRIBUTION"
    },
    "sm_ccdf_r2": {
      "mean_value": 0.9401161230682226,
      "std_value": 0.038019277959864484,
      "mean_score": 0.8759323168144065,
      "std_score": 0.06082363977351248,
      "pass_rate": 1.0,
      "weight": 3.0,
      "group": "DISTRIBUTION"
    },
    "dagum_ccdf_r2": {
      "mean_value": 0.9464772772576208,
      "std_value": 0.030516257671833795,
      "mean_score": 0.8736409618059049,
      "std_score": 0.06034092518711612,
      "pass_rate": 0.999,
      "weight": 3.0,
      "group": "DISTRIBUTION"
    },
    "gb2_ccdf_r2": {
      "mean_value": 0.9481395999610056,
      "std_value": 0.04570810013507995,
      "mean_score": 0.8450635951058612,
      "std_score": 0.07788974953105687,
      "pass_rate": 0.998,
      "weight": 2.0,
      "group": "DISTRIBUTION"
    },
    "best_r2": {
      "mean_value": 0.9680118777165196,
      "std_value": 0.016212990734963954,
      "mean_score": 0.8553148623695954,
      "std_score": 0.050425046540080405,
      "pass_rate": 1.0,
      "weight": 3.0,
      "group": "DISTRIBUTION"
    },
    "wealth_gini": {
      "mean_value": 0.2522388800458421,
      "std_value": 0.03523265446112373,
      "mean_score": 0.7934460266735589,
      "std_score": 0.02952624252746954,
      "pass_rate": 1.0,
      "weight": 2.0,
      "group": "DISTRIBUTION"
    },
    "wealth_skewness": {
      "mean_value": 1.7855535252637702,
      "std_value": 0.8198553678619143,
      "mean_score": 0.8172229754153589,
      "std_score": 0.04132602506812523,
      "pass_rate": 1.0,
      "weight": 1.0,
      "group": "DISTRIBUTION"
    },
    "mean_mpc": {
      "mean_value": 0.9836035094127717,
      "std_value": 0.024643730701479714,
      "mean_score": 0.943104854149365,
      "std_score": 0.03983188853899588,
      "pass_rate": 1.0,
      "weight": 1.5,
      "group": "FINANCIAL"
    },