{
  "metadata": {
    "commit": "150a847d487667efe12d709efacbed6ea2fc1b57",
    "commit_short": "150a847",
    "branch": "main",
    "tag": null,
    "version": "0.6.1",
    "timestamp": "2026-03-12T10:49:04",
    "n_seeds": 1000,
    "n_periods": 1000,
    "n_workers": 10,
    "elapsed_seconds": 131
  },
  "scenario": "growth_plus",
  "summary": {
    "n_passed": 984,
    "pass_rate": 0.984,
    "mean_score": 0.8468836576711654,
    "std_score": 0.009749895828915556,
    "min_score": 0.8124191600787121,
    "max_score": 0.869587339603702
  },
  "metrics": {
    "unemployment_rate_mean": {
      "mean_value": 0.06516538399999999,
      "std_value": 0.00490663020213914,
      "mean_score": 0.8557197999999999,
      "std_score": 0.10443110775990072,
      "pass_rate": 1.0,
      "weight": 1.5,
      "group": "TIME_SERIES"
    },
    "unemployment_absolute_ceiling": {
      "mean_value": 0.14487,
      "std_value": 0.01390277310467233,
      "mean_score": 1.0,
      "std_score": 0.0,
      "pass_rate": 1.0,
      "weight": 3.0,
      "group": "TIME_SERIES"
    },
    "unemployment_std": {
      "mean_value": 0.030159690261679445,
      "std_value": 0.0031169407295547234,
      "mean_score": 0.9360397206139003,
      "std_score": 0.04456490024656335,
      "pass_rate": 1.0,
      "weight": 1.0,
      "group": "TIME_SERIES"
    },
    "unemployment_pct_above_floor": {
      "mean_value": 0.941086,
      "std_value": 0.028809036846100894,
      "mean_score": 0.99581,
      "std_score": 0.018213838145761607,
      "pass_rate": 1.0,
      "weight": 1.5,
      "group": "TIME_SERIES"
    },
    "unemployment_pct_below_ceiling": {
      "mean_value": 0.996408,
      "std_value": 0.007267567405948162,
      "mean_score": 1.0,
      "std_score": 0.0,
      "pass_rate": 1.0,
      "weight": 0.5,
      "group": "TIME_SERIES"
    },
    "inflation_rate_mean": {
      "mean_value": 0.0024193467527339517,
      "std_value": 0.0009456870960850749,
      "mean_score": 0.24838693505467907,
      "std_score": 0.018913741921701498,
      "pass_rate": 1.0,
      "weight": 1.5,
      "group": "TIME_SERIES"
    },
    "inflation_hard_ceiling_upper": {
      "mean_value": 0.10240663082443746,
      "std_value": 0.037491772647637533,
      "mean_score": 0.999,
      "std_score": 0.03160696125855822,
      "pass_rate": 0.999,
      "weight": 3.0,
      "group": "TIME_SERIES"
    },
    "inflation_hard_floor": {
      "mean_value": -0.06570003675578917,
      "std_value": 0.009255683434186878,
      "mean_score": 1.0,
      "std_score": 0.0,
      "pass_rate": 1.0,
      "weight": 3.0,
      "group": "TIME_SERIES"
    },
    "inflation_non_degenerate": {
      "mean_value": 0.0024193467527339517,
      "std_value": 0.0009456870960850749,
      "mean_score": 0.7620855946824834,
      "std_score": 0.004766806968590071,
      "pass_rate": 1.0,
      "weight": 2.0,
      "group": "TIME_SERIES"
    },
    "inflation_pct_in_bounds": {
      "mean_value": 0.783462,
      "std_value": 0.029529689398976072,
      "mean_score": 0.742939375,
      "std_score": 0.04265706634292111,
      "pass_rate": 0.997,
      "weight": 1.5,
      "group": "TIME_SERIES"
    },
    "log_gdp_mean": {
      "mean_value": 8.815735251804401,
      "std_value": 0.0129407880557502,
      "mean_score": 0.5524508393480037,
      "std_score": 0.043135960185834,
      "pass_rate": 1.0,
      "weight": 1.0,
      "group": "TIME_SERIES"
    },
    "log_gdp_trend": {
      "mean_value": 0.0013880821904518974,
      "std_value": 7.395701069915621e-05,
      "mean_score": 0.8470205476129743,
      "std_score": 0.018489252674789056,
      "pass_rate": 1.0,
      "weight": 2.0,
      "group": "TIME_SERIES"
    },
    "log_gdp_trend_positive": {
      "mean_value": 0.0013880821904518974,
      "std_value": 7.395701069915621e-05,
      "mean_score": 1.0,
      "std_score": 0.0,
      "pass_rate": 1.0,
      "weight": 2.0,
      "group": "TIME_SERIES"
    },
    "log_gdp_total_growth": {
      "mean_value": 0.7027180486492621,
      "std_value": 0.07513140897067395,
      "mean_score": 0.8939675171401129,
      "std_score": 0.05213311691378787,
      "pass_rate": 1.0,
      "weight": 1.0,
      "group": "TIME_SERIES"
    },
    "vacancy_rate_mean": {
      "mean_value": 0.128363736,
      "std_value": 0.001520739439320227,
      "mean_score": 0.8606043999999999,
      "std_score": 0.02534565732200379,
      "pass_rate": 1.0,
      "weight": 0.5,
      "group": "TIME_SERIES"
    },
    "vacancy_rate_pct_in_bounds": {
      "mean_value": 0.9941420000000001,
      "std_value": 0.007095902761453266,
      "mean_score": 1.0,
      "std_score": 0.0,
      "pass_rate": 1.0,
      "weight": 0.5,
      "group": "TIME_SERIES"
    },
    "phillips_correlation": {
      "mean_value": -0.32576371216606537,
      "std_value": 0.034820859428339984,
      "mean_score": 0.9411391133428318,
      "std_score": 0.0348385606918091,
      "pass_rate": 1.0,
      "weight": 1.5,
      "group": "CURVES"
    },
    "phillips_negative_sign": {
      "mean_value": -0.32576371216606537,
      "std_value": 0.034820859428339984,
      "mean_score": 0.9128818560830327,
      "std_score": 0.017410429714169992,
      "pass_rate": 1.0,
      "weight": 3.0,
      "group": "CURVES"
    },
    "okun_correlation": {
      "mean_value": -0.8243414364786668,
      "std_value": 0.024997835448646047,
      "mean_score": 0.9592253043255123,
      "std_score": 0.03334548853295066,
      "pass_rate": 1.0,
      "weight": 3.0,
      "group": "CURVES"
    },
    "okun_weak_fail": {
      "mean_value": -0.8243414364786668,
      "std_value": 0.024997835448646047,
      "mean_score": 1.0,
      "std_score": 0.0,
      "pass_rate": 1.0,
      "weight": 3.0,
      "group": "CURVES"
    },
    "beveridge_correlation": {
      "mean_value": -0.3023760244950918,
      "std_value": 0.05910447294015578,
      "mean_score": 0.9412467292248637,
      "std_score": 0.044891157341917294,
      "pass_rate": 1.0,
      "weight": 2.0,
      "group": "CURVES"
    },
    "beveridge_negative_sign": {
      "mean_value": -0.3023760244950918,
      "std_value": 0.05910447294015578,
      "mean_score": 0.9011880122475459,
      "std_score": 0.029552236470077885,
      "pass_rate": 1.0,
      "weight": 3.0,
      "group": "CURVES"
    },
    "firm_size_skewness": {
      "mean_value": 4.934861456948784,
      "std_value": 1.8947514442270714,
      "mean_score": 0.49178458107110173,
      "std_score": 0.3339458990635735,
      "pass_rate": 0.992,
      "weight": 1.5,
      "group": "DISTRIBUTION"
    },
    "firm_size_pct_below": {
      "mean_value": 0.9461799999999998,
      "std_value": 0.015684629418637828,
      "mean_score": 0.7473499999999998,
      "std_score": 0.11133497878025563,
      "pass_rate": 1.0,
      "weight": 0.5,
      "group": "DISTRIBUTION"
    },
    "firm_size_tail_ratio": {
      "mean_value": 7.48587711155445,
      "std_value": 4.010116600242558,
      "mean_score": 0.7739535831315137,
      "std_score": 0.25948387376862314,
      "pass_rate": 0.997,
      "weight": 0.75,
      "group": "DISTRIBUTION"
    },
    "firm_size_pct_below_medium": {
      "mean_value": 0.7942800000000001,
      "std_value": 0.03462486967484498,
      "mean_score": 1.0,
      "std_score": 0.0,
      "pass_rate": 1.0,
      "weight": 0.5,
      "group": "DISTRIBUTION"
    },
    "productivity_growth": {
      "mean_value": 0.992706315590189,
      "std_value": 0.12183043604170633,
      "mean_score": 0.8059050444078961,
      "std_score": 0.0378071100013973,
      "pass_rate": 1.0,
      "weight": 1.5,
      "group": "GROWTH"
    },
    "real_wage_growth": {
      "mean_value": 1.0915550613736444,
      "std_value": 0.258559223779291,
      "mean_score": 0.829393264651013,
      "std_score": 0.07593435801593615,
      "pass_rate": 1.0,
      "weight": 1.0,
      "group": "GROWTH"
    },
    "productivity_wage_correlation": {
      "mean_value": 0.7292453218628907,